{
  "accuracy": 0.915,
  "precision_weighted": 0.9222,
  "recall_weighted": 0.915,
  "f1_weighted": 0.9173,
  "classification_report": {
    "brute_force": {
      "precision": 0.8157894736842105,
      "recall": 0.8493150684931506,
      "f1-score": 0.8322147651006712,
      "support": 73.0
    },
    "data_exfiltration": {
      "precision": 0.9365079365079365,
      "recall": 0.855072463768116,
      "f1-score": 0.8939393939393939,
      "support": 69.0
    },
    "dos": {
      "precision": 0.9069767441860465,
      "recall": 0.9069767441860465,
      "f1-score": 0.9069767441860465,
      "support": 86.0
    },
    "insider_scan": {
      "precision": 0.6545454545454545,
      "recall": 0.8780487804878049,
      "f1-score": 0.75,
      "support": 41.0
    },
    "malware_beaconing": {
      "precision": 0.7916666666666666,
      "recall": 0.8507462686567164,
      "f1-score": 0.8201438848920863,
      "support": 67.0
    },
    "normal": {
      "precision": 0.9821428571428571,
      "recall": 0.9482758620689655,
      "f1-score": 0.9649122807017544,
      "support": 464.0
    },
    "accuracy": 0.915,
    "macro avg": {
      "precision": 0.847938188788862,
      "recall": 0.8814058646101333,
      "f1-score": 0.861364511469992,
      "support": 800.0
    },
    "weighted avg": {
      "precision": 0.9222049940191387,
      "recall": 0.915,
      "f1-score": 0.9173155432094388,
      "support": 800.0
    }
  },
  "labels": [
    "brute_force",
    "data_exfiltration",
    "dos",
    "insider_scan",
    "malware_beaconing",
    "normal"
  ],
  "confusion_matrix": [
    [
      62,
      0,
      3,
      3,
      4,
      1
    ],
    [
      3,
      59,
      2,
      1,
      2,
      2
    ],
    [
      2,
      1,
      78,
      1,
      1,
      3
    ],
    [
      2,
      2,
      1,
      36,
      0,
      0
    ],
    [
      2,
      1,
      2,
      3,
      57,
      2
    ],
    [
      5,
      0,
      0,
      11,
      8,
      440
    ]
  ]
}